,text,positive,negative,neutral,result
1,"rt indiatoday: old taste, new bottle, campa cola is making a comeback. most of us weren‚Äôt around when it was a hit, so let‚Äôs go down the n‚Ä¶",0.0,0.0,1.0,Negative
2,sofi_giuseppe pepsico pepsi what's the difference?,0.0,0.0,1.0,Negative
3,"thedrhell pepsico pepsi the hell is diabet? also, is it sexually transmitted?",0.0,0.311,0.689,Negative
4,stopfundinghate purecremation skyuk jet2tweets goldenleavesuk moneysupermkt fireawaypizza belgicaweb chumsclothinguk homestoreint postcodelottery rolex pepsi your tweet seems at odds with your name.,0.0,0.0,1.0,Negative
5,jmdr22 pepsico pepsi i drank and coke and ate oreos and died 4 times,0.0,0.217,0.783,Negative
6,"bryceyourselves sskroughriders northernpikes pepsi no, young people",0.0,0.0,1.0,Negative
7,freebyrd316 nicomartelle hemanismyhero stradlemonkey motudrawing brokenbridgegxb mark_lapping sinjun45 captainbacon61 addictedhe the_tyebox hemanfan1 brooksidefilms tentaclause gillster37 therealwallbie aliciamariebody lizhobbs1974 smax140adams cimerians michaelodomart jfdm76 wheeljack83 deanetts seitayokokawa kevhulk73 battleramblog tylerslam dccomics mattel mastersofficial kimberlandart pepsi neca_toys hulkhogan konami metallica outbacksteakaus arcade_1up oreo pandaexpress pizzahut codyrhodes lol!üòÑ i love it.,0.21,0.0,0.79,Positive
9,tesla_is_trex pepsico pepsi so is this website but here we all are,0.0,0.0,1.0,Negative
10,freebyrd316 nicomartelle hemanismyhero stradlemonkey motudrawing brokenbridgegxb mark_lapping sinjun45 captainbacon61 addictedhe the_tyebox hemanfan1 brooksidefilms tentaclause gillster37 therealwallbie aliciamariebody lizhobbs1974 smax140adams cimerians michaelodomart jfdm76 wheeljack83 deanetts seitayokokawa kevhulk73 battleramblog tylerslam dccomics mattel mastersofficial kimberlandart pepsi neca_toys hulkhogan konami metallica outbacksteakaus arcade_1up oreo pandaexpress pizzahut codyrhodes happy motu day to all my motu loving brothers and sisters!ü§ò‚ö°Ô∏èüó°üí™ heman motu greatesttoysevermade greatestfranchiseintheuniverse ,0.108,0.0,0.892,Positive
11,"the perfect pick-me-up for any time of day! whether you're at work, at home, or on the go, pepsi has got you covered. pepsiwithsam",0.148,0.0,0.852,Positive
12,craving something sweet and satisfying? look no further than pepsi - the classic cooldrink that never goes out of style pepsiwithsam,0.229,0.084,0.687,Neutral
13,"when the going gets tough, the tough grab a can of pepsi. whether you're in the middle of a workday or a workout
pepsiwithsam",0.0,0.12,0.88,Negative
15,"commanders emmanuelforbes7 pepsi you‚Äôll be ok, just put more muscles and weight.  nfl is another level.",0.0,0.0,1.0,Negative
16,sadderwashfan commanders emmanuelforbes7 pepsi saying that they look alike,0.0,0.0,1.0,Negative
17,jzed87 sskroughriders northernpikes pepsi did they cancel?,0.0,0.25,0.75,Negative
18,stopfundinghate purecremation skyuk jet2tweets goldenleavesuk moneysupermkt fireawaypizza belgicaweb chumsclothinguk homestoreint postcodelottery rolex pepsi oh the irony of your name is truly hilarious ‚Ä¶. you can‚Äôt just shut down any narrative you want just because you disagree with it  ‚Ä¶ love gbnews and watch it daily,0.206,0.071,0.724,Positive
19,"drromantic3 jiminxtiffanyandco ponniyanselvan2. starwarsjedisurvivor istandwithmychampions
donjazzy heisrema afpfactcheck cocacola pepsi pepsi_naija jazzysburger  out yungjeezus iniobong venomspittah's video! tiktok ",0.0,0.0,1.0,Negative
20,"rt evan_van_ives: have a pepsi day ‚úåÔ∏è 

üì∏ boho_boys 

wideangle pepsi nsfw gay twink blond retro vintage 70s 80s legs https://‚Ä¶",0.0,0.0,1.0,Negative
22,dwyatthupton will_jun1or like it! we all know who wins pepsi defensive rookie of the week game 1,0.352,0.0,0.648,Positive
23,bryceyourselves sskroughriders northernpikes pepsi they ain‚Äôt coming anyways,0.0,0.0,1.0,Negative
24,"check out my gig on fiverr: organically premium youtube video promotion using google ads  
arsenal jisoo chatgpt pepsi tiffany google
haaland palestine everton spotify defi chelsea",0.0,0.0,1.0,Negative
25,commanders emmanuelforbes7 pepsi welcome to washington young man. looking forward to your future with washington.,0.176,0.0,0.824,Neutral
27,stoolgreenie bruh just like the executed my grandfather on dogs frfr no cap it be bussin out here skeet yeet yurt furt pepsi,0.097,0.086,0.817,Negative
28,rt rasikarajano1: samantharuthprabhuhot samantha samanthahot samantharuthprabhuìÉµ pepsixsamantha pepsi armpitslover armpitaddict a‚Ä¶,0.0,0.0,1.0,Negative
30,"pepsico pepsi i don't care what anyone says, this actually looks tasty",0.0,0.193,0.807,Negative
33,"rt suhas_dore__: happiest birthday samüòôüíû
samanthaprabhu2 thenameisyash 

yash19 samantharuthprabhu yashboss
pepsi ‚Ä¶",0.503,0.0,0.497,Positive
38,"pepsicocaresin sure pepsicocaresin i'm sharing my contact details through email, and for your convenience here is my mail id ramranjeet726gmail.com.

and for proof i'm attaching one video

pepsi pepsixsamantha pepsiriseupbaby ",0.154,0.0,0.846,Positive
39,ifu_nenya vnwalieoba pepsi üòÇ they should,0.277,0.139,0.584,Neutral
40,lovemesome1980s nicomartelle hemanismyhero stradlemonkey motudrawing brokenbridgegxb mark_lapping sinjun45 captainbacon61 addictedhe the_tyebox hemanfan1 brooksidefilms tentaclause gillster37 therealwallbie aliciamariebody lizhobbs1974 smax140adams cimerians michaelodomart jfdm76 wheeljack83 deanetts seitayokokawa kevhulk73 battleramblog tylerslam dccomics mattel mastersofficial kimberlandart pepsi neca_toys hulkhogan konami metallica outbacksteakaus arcade_1up oreo pandaexpress pizzahut codyrhodes happy masters of the universe day ,0.072,0.0,0.928,Neutral
41,lovemesome1980s nicomartelle hemanismyhero stradlemonkey motudrawing brokenbridgegxb mark_lapping sinjun45 captainbacon61 addictedhe the_tyebox hemanfan1 brooksidefilms tentaclause gillster37 therealwallbie aliciamariebody lizhobbs1974 smax140adams cimerians michaelodomart jfdm76 wheeljack83 deanetts seitayokokawa kevhulk73 battleramblog tylerslam dccomics mattel mastersofficial kimberlandart pepsi neca_toys hulkhogan konami metallica outbacksteakaus arcade_1up oreo pandaexpress pizzahut codyrhodes todays strip ,0.0,0.0,1.0,Negative
42,commanders emmanuelforbes7 pepsi welcome to washington!,0.397,0.0,0.603,Neutral
44,5 stocks that outperform in recession‚û°Ô∏è walmart pandg johnsonandjohnson mcdonalds pepsi ,0.0,0.189,0.811,Negative
49,lokissidechic vnwalieoba pepsi they should make you ambassador at this point. üòÇ,0.193,0.096,0.711,Neutral
51,commanders hailstatefb emmanuelforbes7 pepsi hail state.,0.206,0.0,0.794,Negative
54,britvic  as promised: proof of my switch due to the pepsi recipe change consequences ,0.161,0.0,0.839,Neutral
56,"
i really appreciate samantha's advice.
it's awesome!
pepsiwithsam
pepsiriseupsamantha pepsixsamantha pepsituterakarxsamantha livekhabar24x7 pepsiüì∑ ",0.381,0.0,0.619,Positive
59,", this ad film is absolutely gorgeous. great job, pepsi and samantha!

pepsiriseupsamantha pepsituterakarxsamantha pepsiwithsam livekhabar24x7 pepsixsamantha pepsiüì∑ ",0.345,0.0,0.655,Positive
60,"rt lightbuzzmedia: the best way to rise up is to be bold, brave and you! take the leap and rise up baby with light buzz media.

pepsirise‚Ä¶",0.304,0.0,0.696,Positive
64,"this advertising is not good at all, if you want to degrade your competitor, then improve the price, quality and packaging, do not make such advertisements and lower the morale of the company
cocacola_ksa
pepsi ",0.101,0.18,0.719,Negative
66,"cold pepsi for this hot weather

pepsi ",0.0,0.0,1.0,Negative
68,curiosityrocks nike blockbuster nerf mtv pepsi pokemon jumpman23 shaq cocacola slimjim thesimpsons nickelodean not missing that point at all. we will have physicals back in june and globally next year. we really want people especially kids to have the same experience we did. collectibles just for them. i have been opening 90s packs and feel the nostalgia hit instantly. i hope you will too,0.146,0.0,0.854,Positive
73,"rt kevinlmcrae: we are getting ready to crushthetest  theh , and we need your help! searching for donations of mini orange crush sodas!‚Ä¶",0.211,0.058,0.73,Positive
74,johnlew18002259 commanders emmanuelforbes7 pepsi hater clown,0.0,0.359,0.641,Negative
76,rt carol36994460: have your executives ever watched gbnews a channel of hateforhirejournalists  hateforhirejournalists  a channel you su‚Ä¶,0.0,0.0,1.0,Negative
78,pepsico pepsi make pepsi just sign me as there ambassador nobody go happy reach me,0.27,0.0,0.73,Neutral
81,fezenwafor tesla_is_trex pepsico pepsi a mineral üòå‚ú®,0.412,0.0,0.588,Neutral
82,"pepsi‚Äôs new ad strategy, they have casted samantha empowering women
ad 
samantharuthprabhu 

 pepsiwithsam pepsi pepsi_zero_sugar pepsiriseupbaby 
pepsiriseupbabyxsamantha 
pepsituterakarxsamantha 
pepsixsamantha",0.0,0.0,1.0,Negative
83,commanders emmanuelforbes7 pepsi let's  welcome to washington commanders,0.3,0.0,0.7,Neutral
86,pepsico pepsi wait what? did you seriously pour pepsi in a shake?,0.0,0.273,0.727,Negative
87,"stopfundinghate purecremation skyuk jet2tweets goldenleavesuk moneysupermkt fireawaypizza belgicaweb chumsclothinguk homestoreint postcodelottery rolex pepsi the first part of the common sense crusade, should focus on hairstyling.",0.0,0.0,1.0,Negative
91,"would it be possible for you to not advertise on g.b. news , thanks üòÄ
purecremation skyuk jet2tweets
goldenleavesuk moneysupermkt
fireawaypizza belgicaweb
chumsclothinguk homestoreint
postcodelottery rolex selectspecs 
pepsi ",0.167,0.0,0.833,Positive
92,"the best way to rise up is to be bold, brave and you! take the leap and rise up baby with light buzz media.

pepsiriseupsamantha lightbuzzmedia digitalmarketing digitalmarketingagency socialmediaagency marketingagency pepsixsamantha pepsiriseupbabyxsamantha pepsi",0.259,0.0,0.741,Positive
96,excited to start final round of cityofcincy recycling hackathon! kickoff with mayor aftabpureval councilwoman votelizkeating today's gonna be great! pepsi cokeccbcc ,0.272,0.0,0.728,Positive
99,commanders emmanuelforbes7 pepsi our roster is going to be stacked this year!,0.0,0.0,1.0,Negative
0,"rt vitalyvtennant: start offering pricing lifetime plans/memberships. in terms of  hardware to software, from hosting to plugins r‚Ä¶",0.0,0.0,1.0,Negative
3,"start offering pricing lifetime plans/memberships. in terms of  hardware to software, from hosting to plugins remember, wherever there is a mcdonalds, there is a burgerking, similarly, cocacola pepsi e.g. unstoppabledomains,  , web services",0.0,0.0,1.0,Negative
10,"life can be tough sometimes, but with the help of my favorite drink pepsi and the amazing music from sam, i know i can rise up and face any challenge. let's do this!pepsiwithsam
",0.331,0.029,0.64,Positive
12,"take a break from your busy day and treat yourself to the refreshing taste of pepsi. your taste buds will thank you pepsiwithsam
",0.198,0.0,0.802,Positive
13,"take a break from your busy day and treat yourself to the refreshing taste of pepsi. your taste buds will thank you pepsiwithsam
",0.198,0.0,0.802,Positive
14,"if there's one thing that can always quench my thirst, it's a cold can of pepsi. what's your go-to drink
pepsiwithsam
",0.0,0.0,1.0,Negative
15,we're about to kick off one of the nation's most ambitious recycling hacks featuring 10 startup finalists pitching cityofcincy kroger proctergamble fifththird pepsi cocacola rumpkenews madtreebrewing.  mayor aftabpureval kicks us off at 9 am est. come on down! ,0.091,0.0,0.909,Neutral
16,"if there's one thing that can always quench my thirst, it's a cold can of pepsi. what's your go-to drink
pepsiwithsam
",0.0,0.0,1.0,Negative
17,pepsi put your recipe back!!! the new ingredients are awful!!! freedom for sugar!!,0.277,0.155,0.568,Neutral
18,have your executives ever watched gbnews a channel of hateforhirejournalists  hateforhirejournalists  a channel you support. bye pepsi ,0.144,0.0,0.856,Neutral
20,pepsico pepsi secure and sure betting tips from scott_bookies can't lose in betting again.boooooooooooomüí•üí•üí• ,0.273,0.295,0.432,Negative
22,mjjconspiracy pepsi sony jacksons good morning. i'll slide in your dms so we can chat about it. üòÑ,0.307,0.0,0.693,Positive
23,"purecremation
skyuk
jet2tweets 
moneysupermkt
fireawaypizza
belgicaweb
chumsclothinguk
homestoreint
postcodelottery
rolex
 selectspecs &amp; 
pepsi

why do you support the hate, transphobia, racism, homophobia, and anti-democracy of gb news?

stopfundinghate ",0.076,0.22,0.704,Negative
26,"hey pepsi it's april 28, 2023 at 02:31pm and i still don't have a pepsi holiday spice in my hands.",0.124,0.0,0.876,Neutral
27,"üè¥‚Äç‚ò†Ô∏è hi pepsi pepsico_uk pepsimaxuk 
i drink a lot of diet pepsi. a lot! 
probably too much.
but seeing you fund a tv channel which broadcasts far right bigotry and conspiracy theories is worrying.
i'm gay. i can't drink your product when support‚Ä¶ ",0.0,0.151,0.849,Negative
28,"old taste, new bottle, campa cola is making a comeback. most of us weren‚Äôt around when it was a hit, so let‚Äôs go down the nostalgia road for those who drank campa and those who have no idea about it. 

newsmo campacola pepsi | jessica_goel ",0.0,0.048,0.952,Negative
31,commanders emmanuelforbes7 pepsi fromstatetosundays hailstate,0.0,0.0,1.0,Negative
34,stopfundinghate purecremation skyuk jet2tweets goldenleavesuk moneysupermkt fireawaypizza belgicaweb chumsclothinguk homestoreint postcodelottery rolex pepsi postcodelottery can we hear from you on this? i‚Äôd like to understand the why before i cancel my direct debit.,0.07,0.056,0.873,Negative
35,"day 34 of asking pepsico to bring sobe back to florida
                       
                    bringsobeback

                             pepsi ",0.0,0.0,1.0,Negative
36,"bossboy281 pepsi hi there, thank you for reaching out! we apologize this is not currently available in your area. we hope to see it here in the future.",0.27,0.0,0.73,Positive
41,"
there is no data attached for legal purpose recipients if this method was created for pablo or pepsi",0.169,0.106,0.725,Negative
42,"stopfundinghate purecremation skyuk jet2tweets goldenleavesuk moneysupermkt fireawaypizza belgicaweb chumsclothinguk homestoreint postcodelottery rolex pepsi rolex!  i'm cancelling my order forthwith üòâ, how much is an ad break on gb news? the above must be losing more in product boycotting then profit.",0.061,0.161,0.778,Negative
43,"just bought a bottle of pepsi, and it was absolutely revolting. look in to it, and they have changed the recipe.
that's me done with one of my favourite drinks, never getting this rubbish again.
thanks pepsi",0.075,0.0,0.925,Neutral
49,"hey pepsi it's april 28, 2023 at 02:01pm and i still don't have a pepsi holiday spice in my hands.",0.124,0.0,0.876,Neutral
50,"rt garyhh2628: the game-changing power of modern selfcare



wef forwardlooking  earthday2023 earthday wiscons‚Ä¶",0.0,0.0,1.0,Negative
51,"a new year is a highly anticipated event every year and pepsi's marketingstrategy truly brought in its good wishes to its customers that odmgroup featured in their article below!

we're eager to know foodbev's insight into this!
",0.241,0.0,0.759,Positive
53,"april 28, 2023 at 01:59pmhey pepsi it's april 28, 2023 at 01:59pm and i still don't have a pepsi holiday spice in my hands.",0.105,0.0,0.895,Neutral
54,"hey pepsi it's april 28, 2023 at 01:59pm and i still don't have a pepsi holiday spice in my hands.",0.124,0.0,0.876,Neutral
56,"the game-changing power of modern selfcare



wef forwardlooking  earthday2023 earthday wisconsin ferrari pepsi withpatientsinmind socialprotection
fitnessjourney physique powerlifting gymtime pilates instafitness",0.0,0.0,1.0,Negative
57,"the game-changing power of modern selfcare



wef forwardlooking  earthday2023 earthday wisconsin ferrari pepsi withpatientsinmind socialprotection fitnessmodel fitnessaddict personaltrainer fitnessgirl gymmotivation",0.0,0.0,1.0,Negative
58,"rt tabymrkennedy: dxy
dollar remains king. as this begins to attack resistances, the meltdown starts on all risk assets.

dxy btc‚ÄØ xau‚Ä¶",0.066,0.201,0.734,Negative
59,"the game-changing power of modern selfcare



wef forwardlooking  earthday2023 earthday wisconsin ferrari pepsi withpatientsinmind socialprotection fitness gym workout fitsporation bodybuilding fitnessmotivation yoga gymlife crossfit",0.084,0.0,0.916,Negative
60,"the game-changing power of modern selfcare



wef forwardlooking  earthday2023 earthday wisconsin ferrari pepsi withpatientsinmind socialprotection geneticengineering genomics biotecnologia microscopy sciencefacts biologyteacher physics",0.0,0.0,1.0,Negative
62,"the game-changing power of modern selfcare



wef forwardlooking  earthday2023 earthday wisconsin ferrari pepsi withpatientsinmind socialprotection microbiologylab engineering education sciencememes biologynotes
pharma bhfyp lablife",0.0,0.0,1.0,Negative
64,"the game-changing power of modern selfcare



wef forwardlooking  earthday2023 earthday wisconsin ferrari pepsi withpatientsinmind socialprotection microbiologia healthcare pharmacy scientists biologia lifesciences doctor nature gene",0.0,0.0,1.0,Negative
65,"the game-changing power of modern selfcare



wef forwardlooking  earthday2023 earthday wisconsin ferrari pepsi withpatientsinmind socialprotection bioinformatics covid zoology microscope bacteria health biologist immunology technology",0.0,0.0,1.0,Negative
66,"the game-changing power of modern selfcare



wef forwardlooking  earthday2023 earthday wisconsin ferrari pepsi withpatientsinmind socialprotection chemistry biotechnologystudent biologystudent bio biologymemes lifescience neet",0.0,0.0,1.0,Negative
67,"the game-changing power of modern selfcare



wef forwardlooking  earthday2023 earthday wisconsin ferrari pepsi withpatientsinmind socialprotection scientist dna medicine laboratory biotechnologist cellbiology lab microbiologist medical",0.0,0.0,1.0,Negative
68,"the game-changing power of modern selfcare



wef forwardlooking  earthday2023 earthday wisconsin ferrari pepsi withpatientsinmind socialprotection biology science microbiology biotech biochemistry molecularbiology research genetics",0.0,0.0,1.0,Negative
69,"the game-changing power of modern selfcare



wef forwardlooking  earthday2023 earthday wisconsin ferrari pepsi withpatientsinmind socialprotection sustainable cannabiscommunity plants stayhealthy india healthy organicproducts biotechnology",0.109,0.0,0.891,Neutral
71,"the game-changing power of modern selfcare



wef forwardlooking  earthday2023 earthday wisconsin ferrari pepsi withpatientsinmind socialprotection sustainability cannabis organicvegetables regenerativeagriculture healthyliving farmers",0.0,0.0,1.0,Negative
72,"the game-changing power of modern selfcare



wef forwardlooking  earthday2023 earthday wisconsin ferrari pepsi withpatientsinmind socialprotection permaculture sustainableliving bio organiclife farmersmarket fruits healthyeating",0.0,0.0,1.0,Negative
75,"the game-changing power of modern selfcare



wef forwardlooking  earthday2023 earthday wisconsin ferrari pepsi withpatientsinmind socialprotection sustainablefarming healthylifestyle vegan garden vegetables food farmer knowyourfarmer",0.0,0.0,1.0,Negative
78,"the game-changing power of modern selfcare



wef forwardlooking  earthday2023 earthday wisconsin ferrari pepsi withpatientsinmind socialprotection farm farmtotable urbanfarming growyourownfood healthyfood nature gardening growyourown",0.0,0.0,1.0,Negative
79,"stopfundinghate purecremation skyuk jet2tweets goldenleavesuk moneysupermkt fireawaypizza belgicaweb chumsclothinguk homestoreint postcodelottery rolex pepsi pepsico_uk pepsimaxuk yes, i assumed the first time it was just a mistake.
but seeing them continue to advertise with gbnews looks like a deliberate policy",0.119,0.04,0.841,Neutral
80,"the game-changing power of modern selfcare



wef forwardlooking  earthday2023 earthday wisconsin ferrari pepsi withpatientsinmind socialprotection organicfarmin organic organicfood farming organicgardening agriculture farmlife organicfarm",0.0,0.0,1.0,Negative
81,"the game-changing power of modern selfcare



wef forwardlooking  earthday2023 earthday wisconsin ferrari pepsi withpatientsinmind socialprotection estateplanning buildwealth moneymoves goals wealthadvisor fintech wealthplanning",0.0,0.0,1.0,Negative
82,"the game-changing power of modern selfcare



wef forwardlooking  earthday2023 earthday wisconsin ferrari pepsi withpatientsinmind socialprotection financial assetmanagement wealthylifestyle wealthbuilders investmentmanagement healthinsurance",0.0,0.0,1.0,Negative
83,"the game-changing power of modern selfcare



wef forwardlooking  earthday2023 earthday wisconsin ferrari pepsi withpatientsinmind socialprotection wealthbuilder realestate investor wealthcoach motivation wealthgenerators financialadviser",0.103,0.0,0.897,Neutral
84,"the game-changing power of modern selfcare



wef forwardlooking  earthday2023 earthday wisconsin ferrari pepsi withpatientsinmind socialprotection bhfyp mutualfunds wealthylife wealthy financialeducation wealthymindset savings financetips",0.102,0.0,0.898,Neutral
85,"the game-changing power of modern selfcare



wef forwardlooking  earthday2023 earthday wisconsin ferrari pepsi withpatientsinmind socialprotection financialplanner financialgoals lifeinsurance success financialindependence stockmarket",0.156,0.0,0.844,Neutral
86,"the game-changing power of modern selfcare



wef forwardlooking  earthday2023 earthday wisconsin ferrari pepsi withpatientsinmind socialprotection consumersentiment investments invest insurance entrepreneur business financialadvice",0.0,0.0,1.0,Negative
87,"the game-changing power of modern selfcare



wef forwardlooking  earthday2023 earthday wisconsin ferrari pepsi withpatientsinmind socialprotection financialservices financialliteracy consumerspending consumerprotection consumers",0.0,0.0,1.0,Negative
88,"the game-changing power of modern selfcare



wef forwardlooking  earthday2023 earthday wisconsin ferrari pepsi withpatientsinmind socialprotection researcher scientist. wealthcreation wealthmindset retirementplanning personalfinance",0.0,0.0,1.0,Negative
89,"the game-changing power of modern selfcare



wef forwardlooking  earthday2023 earthday wisconsin ferrari pepsi withpatientsinmind socialprotection biotechnology scicomm healthsupplement biologist laboratorylife scientists molecularbiology",0.0,0.0,1.0,Negative
90,"the game-changing power of modern selfcare



wef forwardlooking  earthday2023 earthday wisconsin ferrari pepsi withpatientsinmind socialprotection financialfreedom investing financialadvisor finance wef pepsi wisconsin lifesciences",0.0,0.0,1.0,Negative
92,"the game-changing power of modern selfcare



wef forwardlooking  earthday2023 earthday wisconsin ferrari pepsi withpatientsinmind socialprotection alllivesmatters wealthmanagement wealth financialplanning wealthbuilding investment money",0.132,0.0,0.868,Neutral
93,"the game-changing power of modern selfcare



wef forwardlooking  earthday2023 earthday wisconsin ferrari pepsi withpatientsinmind socialprotection pneumonia su2c worldpolioday iftheshoefits wbw2020 metoo breastfeeding thisisdiabetes",0.0,0.0,1.0,Negative
94,"the game-changing power of modern selfcare



wef forwardlooking  earthday2023 earthday wisconsin ferrari pepsi withpatientsinmind socialprotection blackhistorymonth thisisdiabetes breathebetter nsad counselling, worldpneumoniaday,",0.0,0.0,1.0,Negative
95,"the game-changing power of modern selfcare



wef forwardlooking  earthday2023 earthday wisconsin ferrari pepsi withpatientsinmind socialprotection permaculture foodforest boldactions4food antimicrobialresistance antibiotics preterm",0.0,0.0,1.0,Negative
96,"the game-changing power of modern selfcare



wef forwardlooking  earthday2023 earthday wisconsin ferrari pepsi withpatientsinmind socialprotection immunology worldfoodsafetyday globalfoodcrises farminghelp regenerativeagriculture",0.0,0.0,1.0,Negative
97,"the game-changing power of modern selfcare



wef forwardlooking  earthday2023 earthday wisconsin ferrari pepsi withpatientsinmind socialprotection fightfoodcrises foodcoalition agenda2030 4betters foodsystems lifeismeantforliving",0.0,0.0,1.0,Negative
98,"the game-changing power of modern selfcare



wef forwardlooking  earthday2023 earthday wisconsin ferrari pepsi withpatientsinmind socialprotection moveformentalhealth preterm staywell wellbeing farminghelpawarenessweek immunesystem",0.0,0.0,1.0,Negative
99,storystratford pepsi sony jacksons 'twas a random thought. which pictures do you mean?,0.0,0.0,1.0,Negative
0,"the game-changing power of modern selfcare



wef forwardlooking  earthday2023 earthday wisconsin ferrari pepsi withpatientsinmind socialprotection selfcare wellbeing wellness nutrition globalhealth globalhealthcare worldfoodday",0.121,0.0,0.879,Neutral
1,"the game-changing power of modern selfcare



wef forwardlooking  earthday2023 earthday wisconsin ferrari pepsi withpatientsinmind socialprotection development personaldevelopment lifesciences integrativehealth complementaryhealth lifestyle",0.0,0.0,1.0,Negative
3,"the game-changing power of modern selfcare



wef forwardlooking  earthday2023 earthday wisconsin ferrari pepsi withpatientsinmind socialprotection stayfit aloeveraskincare aloeveragel supportlocal homegrown farmfresh climateaction",0.0,0.0,1.0,Negative
4,"the game-changing power of modern selfcare



wef forwardlooking  earthday2023 earthday wisconsin ferrari pepsi withpatientsinmind socialprotection success gym lifestyle fintec organicfarmer healthtips organicgarden harvest nongmo",0.139,0.0,0.861,Neutral
5,"the game-changing power of modern selfcare



wef forwardlooking  earthday2023 earthday wisconsin ferrari pepsi withpatientsinmind socialprotection integrativemedicine holisticwellness holistichealing holistichealth wellness happy support",0.329,0.0,0.671,Positive
6,"the game-changing power of modern selfcare



wef forwardlooking  earthday2023 earthday wisconsin ferrari pepsi withpatientsinmind socialprotection farmersmarketweek bellflowerca hollistic heal healing naturopath alternativetherapy",0.0,0.0,1.0,Negative
7,"the game-changing power of modern selfcare



wef forwardlooking  earthday2023 earthday wisconsin ferrari pepsi withpatientsinmind socialprotection holistic ageing comorbidities science patientsafety patientsafetyday patientadvocacy health",0.0,0.0,1.0,Negative
8,"the game-changing power of modern selfcare



wef forwardlooking  earthday2023 earthday wisconsin ferrari pepsi withpatientsinmind socialprotection physics chemistry fitness lifescience pharma vitamins herbal complementarymedicine",0.087,0.0,0.913,Negative
9,"the game-changing power of modern selfcare



wef forwardlooking  earthday2023 earthday wisconsin ferrari pepsi withpatientsinmind socialprotection adapt innovation change energy repoiventuring transformation ferrari hospital biology",0.176,0.0,0.824,Neutral
10,rt alienovicho: $pep rallied into new ath after taking december 2022 peak which created a new daily bullish sequence for the stock against‚Ä¶,0.083,0.0,0.917,Negative
11,"the game-changing power of modern selfcare



wef forwardlooking  earthday2023 earthday wisconsin ferrari pepsi withpatientsinmind socialprotection stakeholdercapitalism patientadvocacy openinnovation ecosystem moneyflows ideaction evolve",0.0,0.0,1.0,Negative
12,"the game-changing power of modern selfcare



wef forwardlooking  earthday2023 earthday wisconsin ferrari pepsi withpatientsinmind socialprotection climateaction healthcare selfcare sandoz development living finance esg",0.0,0.0,1.0,Negative
14,"rt dp_karthik: .samanthaprabhu2 absolutely slays in the latest pepsi ad üòçüëåüèª smart, sexy &amp; totally owning it üî• ",0.402,0.07,0.528,Positive
15,"the game-changing power of modern selfcare



wef forwardlooking  earthday2023 earthday wisconsin ferrari pepsi withpatientsinmind socialprotection designthinking designsprint socialentrepreneurs culture leadership business intrapreneurship",0.0,0.0,1.0,Negative
16,"the game-changing power of modern selfcare



wef forwardlooking  earthday2023 earthday wisconsin ferrari pepsi withpatientsinmind socialprotection climate innovation creativity entrepreneurship future management strategy startups",0.198,0.0,0.802,Positive
17,pepsico pepsi cancer is cominggg browsskiiii,0.0,0.468,0.532,Negative
18,"the game-changing power of modern selfcare



wef forwardlooking  earthday2023 earthday wisconsin ferrari pepsi withpatientsinmind socialprotection choosesandoz economicgrowth innovation aheadtogether euorganic health esg climatechange",0.106,0.0,0.894,Neutral
19,"the game-changing power of modern selfcare



wef forwardlooking  earthday2023 earthday wisconsin ferrari pepsi withpatientsinmind socialprotection scientistlife phdchat pharmaceuticals biology biological immunology postdoc biotechnology",0.0,0.0,1.0,Negative
21,"the game-changing power of modern selfcare



wef forwardlooking  earthday2023 earthday wisconsin ferrari pepsi withpatientsinmind socialprotection wef pepsi productivity  propertyrights freemarkets workers prosperity niper medical",0.0,0.0,1.0,Negative
22,"summer just isn't complete without the sweet, fizzy goodness of a cold can of pepsi. ‚òÄÔ∏èpepsituterakarxsamantha
",0.154,0.127,0.719,Negative
23,"raise your hand if you love the sound of a fresh can of pepsi cracking open on a hot day!pepsituterakarxsamantha
",0.37,0.0,0.63,Positive
24,"when life gives you lemons, reach for a can of pepsi instead!pepsituterakarxsamantha
",0.112,0.0,0.888,Negative
25,kentstormchaser pepsi cocacola_gb its so sad pepsi (uk) replaced 57% of sugar in regular pepsi with diabetes forming cancer giving artificial sweeteners and all to avoid a sugar tax? pepsi was the last drink available without these harmful man made substances and they have just killed there own brand doing it.,0.038,0.238,0.725,Negative
27,professoravi julianfday purecremation skyuk jet2tweets goldenleavesuk moneysupermkt fireawaypizza belgicaweb chumsclothinguk homestoreint postcodelottery rolex pepsi a little bit more background here: ,0.0,0.0,1.0,Negative
28,tonybirdlondon purecremation skyuk jet2tweets goldenleavesuk moneysupermkt fireawaypizza belgicaweb chumsclothinguk homestoreint postcodelottery rolex pepsi pepsico_uk pepsimaxuk it seems like such a mismatch with pepsi's other public statements too! ,0.097,0.0,0.903,Neutral
30,"professoravi julianfday purecremation skyuk jet2tweets goldenleavesuk moneysupermkt fireawaypizza belgicaweb chumsclothinguk homestoreint postcodelottery rolex pepsi the challenge for gb news is that their core audience is really a very small % of the uk population. advertisers also have many alternative ways of reaching that audience without aligning with such toxic content, so it's no surprise that most major brands steer clear!",0.117,0.032,0.851,Neutral
33,"pogdigital nike blockbuster nerf mtv pepsi pokemon jumpman23 shaq cocacola slimjim thesimpsons nickelodean totally misses the point why pogs were so popular though. i want to easily and affordably buy real, physical pogs not thin air ones.",0.247,0.048,0.705,Positive
35,"Êµ∑ÂçóÂ≥∂„Åß„Éö„Éó„Ç∑Â¶Ç‰Ωï„Åß„Åô„ÅãÔºü

Êµ∑ÂçóËà™Á©∫/hainan airlines 
boeing 737-84p, b-1501
pepsi livery 
 pvg, march 2023
avgeek boeing b737 pepsi „Éö„Éó„Ç∑ È£õË°åÊ©ü„ÅåÊúâ„ÇãÊôØËâ≤ hainanairlines ",0.0,0.0,1.0,Negative
38,stopfundinghate purecremation skyuk jet2tweets goldenleavesuk moneysupermkt fireawaypizza belgicaweb chumsclothinguk homestoreint postcodelottery rolex pepsi i cannot believe that was broadcast. this must be a hate crime. utterly disgraceful.,0.0,0.224,0.776,Negative
40,"when life gives you lemons, reach for a can of pepsi instead pepsituterakarxsamantha
heritagefestivalgoa2023",0.078,0.0,0.922,Negative
41,"summer just isn't complete without the sweet, fizzy goodness of a cold can of pepsi pepsituterakarxsamantha
heritagefestivalgoa2023",0.146,0.121,0.732,Negative
42,"raise your hand if you love the sound of a fresh can of pepsi cracking open on a hot day
pepsituterakarxsamantha
heritagefestivalgoa2023",0.338,0.0,0.662,Positive
43,"stopfundinghate purecremation skyuk jet2tweets goldenleavesuk moneysupermkt fireawaypizza belgicaweb chumsclothinguk homestoreint postcodelottery rolex pepsi not really big advertising üòÇthe big boys don't want to touch this racist hate channel thank god,those who advertising are losing a lot of customers.",0.047,0.269,0.683,Negative
46,jmdr22 darkhouse6six pepsico pepsi also that's not an oreo,0.0,0.0,1.0,Negative
48,"we are a global human development (modern selfcare) success story. people first, human powered and people focus



financialfreedom investing financialadvisor finance wef earthday pepsi wisconsin withpatientsinmind lifesciences socialprotection",0.121,0.0,0.879,Neutral
51,"rt pepsiindia: duniya kheechegi neeche, you just rise up baby! üñ§üòé
 pepsi pepsiindia pepsiriseupbaby ",0.306,0.0,0.694,Positive
55,"stopfundinghate purecremation skyuk jet2tweets goldenleavesuk moneysupermkt fireawaypizza belgicaweb chumsclothinguk homestoreint postcodelottery rolex pepsi hi pepsi pepsico_uk pepsimaxuk 
i drink a lot of diet pepsi. a lot! 
probably too much.
but seeing you fund a tv channel which broadcasts far right bigotry and conspiracy theories is worrying.
i'm gay. i can't drink your product when support this hatred against my community",0.048,0.201,0.751,Negative
57,"we are a global human development ( modern selfcare) success story.  people first, human powered and people focus



wef forwardlooking  earthday2023 earthday wisconsin ferrari pepsi withpatientsinmind socialprotection wef pepsi",0.117,0.0,0.883,Neutral
58,"dxy
dollar remains king. as this begins to attack resistances, the meltdown starts on all risk assets.

dxy btc‚ÄØ xauusd silver xagusd gbpusd eurusd usdcad usdjpy uranium pepsi‚ÄØ mcdonalds coke nike gold xagusd usdjpy
mrkennedyta ",0.044,0.134,0.823,Negative
60,"medikalife pl do expose those who do frauds with healthcare startups. keval baxi kevalbaxi of codal gocodal is a suitable example who crushed samecondition
pepsi
united bar_geron getbalancehq shopify bigcommerce daniellfarris danielfertig harleyf 
b2bonline ",0.069,0.19,0.741,Negative
62,"""have you seen the new pepsituterakarxsamantha yet? ü•§üí• the refreshing taste of pepsi paired with the spunky energy of samantha akkineni is a match made in heaven!  pepsi samanthaakkineni refreshment"" ",0.149,0.065,0.786,Neutral
66,"stopfundinghate julianfday purecremation skyuk jet2tweets goldenleavesuk moneysupermkt fireawaypizza belgicaweb chumsclothinguk homestoreint postcodelottery rolex pepsi this is what it says on their website:
""advertising with gb news is an easy and cost-effective way to grow your business fast and appeal to your target audience.""
it is unsavoury to imagine, but racists and xenophobes need to get to somewhere sunny for their holidays somehow!",0.13,0.066,0.805,Neutral
67,"$pep we‚Äôre continuing to expand our beverages and convenient foods offerings: pepsi, chestercheetah, quaker and more pepearnings   ",0.126,0.0,0.874,Neutral
74,"pepsi‚Äôs new campaign aims to inspire every woman to own their life with unwavering self-confidence, authenticity, and mettle.
_

pepsi samantharuthprabhu genderequality genderstereotypes women womenempowerment empowerment selfconfidence campaign‚Ä¶  ",0.121,0.0,0.879,Neutral
75,the pepsi is cold and the weather is warm‚Äîwho else is ready for a great weekend?  ,0.32,0.0,0.68,Positive
78,"$pep we‚Äôre continuing to expand our beverages and convenient food offerings: gatorade, doritos, pepsi and more pepearnings   ",0.126,0.0,0.874,Neutral
79,"‡≤™‡≥Ü‡≤™‡≥ç‡≤∏‡≤ø ‡≤π‡≥ä‡≤∏ ‡≤ú‡≤æ‡≤π‡≥Ä‡≤∞‡≤æ‡≤§‡≤ø‡≤®‡≤≤‡≥ç‡≤≤‡≤ø ‡≤∞‡≥à‡≤∏‡≥ç ‡≤Ö‡≤™‡≥ç ‡≤¨‡≥á‡≤¨‡≤ø ‡≤é‡≤Ç‡≤¶‡≥Å ‡≤ï‡≤∞‡≥Ü ‡≤®‡≥Ä‡≤°‡≤ø‡≤¶ ‡≤∏‡≤Æ‡≤Ç‡≤§‡≤æ 
pepsi advetisement viralpost postviral relationships samantha samantharuthprabhu pepsixsamantha riseup 

",0.0,0.0,1.0,Negative
80,"vanilla + pepsi + a creamy, micro bubble experience: have you tried nitro pepsi vanilla yet?  ",0.0,0.0,1.0,Negative
92,"pepsico pepsi ‚òéÔ∏ècall/whatsapp 0209081112 or 0507457889 to shopüì¶

visit our shop on instagram 

pamperyourfeet pamperyourfeet_ pamperyourfeetgh smileyfeet happyfeet sneakerhead sneakers ",0.0,0.0,1.0,Negative
93,pepsico pepsi pepsi just dey try their best shaaaa,0.344,0.0,0.656,Positive
95,pepsico pepsi fathelafrank,0.0,0.0,1.0,Negative
96,üè¥‚Äç‚ò†Ô∏è this month's gb news advertisers include purecremation skyuk jet2tweets goldenleavesuk moneysupermkt fireawaypizza belgicaweb chumsclothinguk homestoreint postcodelottery rolex selectspecs &amp; pepsi  ,0.0,0.0,1.0,Negative
98,"check out seiko kinetic prospex rare pepsi scuba200m sbcz013 5m62-0bl0 sn 130127 full box seiko vintage pepsi  
 ebay via ebay",0.0,0.0,1.0,Negative
6,"pepsi's custom water bottle surely quenches the thirst of nfl fans in this promotion!

check out more details of the marketingcampaign in odmgroup!
",0.137,0.0,0.863,Neutral
11,üëç on youtube: ‡∂á‡∂∫‡∑í pepsi ‡∑Ä‡∑ô‡∂±‡∑É‡∑ä ‡∂ã‡∂±‡∑ö   ü§î ü§î? madushankawijewickrama businessthirdeye pepsi brands ,0.0,0.0,1.0,Negative
14,pogdigital nike blockbuster nerf mtv pepsi pokemon jumpman23 shaq cocacola slimjim thesimpsons nickelodean ,0.245,0.0,0.755,Neutral
20,"pepsico pepsi dark magic stone codeÔºözg5g87kq 
lightning magic stone codeÔºöx8ab4d7a

water magic stone codeÔºözwb5kyj8

dark magic stone  codeÔºöz779p4ky ",0.0,0.0,1.0,Negative
24,pepsico pepsi would it not work with cocacola_gb ?,0.0,0.0,1.0,Negative
25,"john sculley became famous when he was pepsi and then sort of infamous when he was at apple. in the middle, he wrote odyssey, a memoir about his time at both. our review:  johnsculley1 apple stevejobs marketing pepsi advertising ceo cmo",0.0,0.0,1.0,Negative
33,stopfundinghate purecremation skyuk jet2tweets goldenleavesuk moneysupermkt fireawaypizza belgicaweb chumsclothinguk homestoreint postcodelottery rolex pepsi there‚Äôs a list of companies i won‚Äôt be spending my money. disgraceful.,0.0,0.0,1.0,Negative
38,pepsico pepsi the best,0.583,0.0,0.417,Positive
43,stopfundinghate purecremation skyuk jet2tweets goldenleavesuk moneysupermkt fireawaypizza belgicaweb chumsclothinguk homestoreint postcodelottery rolex pepsi postcodeloterij they help fund amnestyuk but advertise on this channel. it makes no sense and feels brand damaging to me.,0.047,0.185,0.767,Negative
45,julianfday purecremation skyuk jet2tweets goldenleavesuk moneysupermkt fireawaypizza belgicaweb chumsclothinguk homestoreint postcodelottery rolex selectspecs pepsi it's so odd that jet2 would want to be associated with a channel that pushes out messages like this!,0.11,0.081,0.809,Negative
48,xnotobeard purecremation skyuk jet2tweets goldenleavesuk moneysupermkt fireawaypizza belgicaweb chumsclothinguk homestoreint postcodelottery rolex selectspecs pepsi it seems to run directly counter toa lot of the work they support - but sadly postcodelottery have been one of the most prolific advertisers on gb news. is this really what postcodeloterij would like to be known for?,0.087,0.063,0.85,Negative
51,stopfundinghate purecremation skyuk jet2tweets goldenleavesuk moneysupermkt fireawaypizza belgicaweb chumsclothinguk homestoreint postcodelottery rolex selectspecs pepsi thank you. deliberately didn't even look at jet2tweets for our holiday this year.,0.172,0.0,0.828,Positive
54,"pepsi let's keep it chill and secure!
",0.31,0.0,0.69,Neutral
55,stopfundinghate purecremation skyuk jet2tweets goldenleavesuk moneysupermkt fireawaypizza belgicaweb chumsclothinguk homestoreint postcodelottery rolex selectspecs pepsi what the ? postcodelottery surely this is a mistake. how are you supporting misinformation,0.168,0.136,0.696,Negative
57,"stopfundinghate purecremation skyuk jet2tweets goldenleavesuk moneysupermkt fireawaypizza belgicaweb chumsclothinguk homestoreint postcodelottery rolex selectspecs pepsi shocking that these respectable firms are supporting racism, transphobia, covid misinformation, and many other regressive ideologies. i'll bear this in mind as a consumer!",0.12,0.195,0.685,Negative
58,"rt harshitha4444: her style &amp; swag tho üî•üî•
samanthaprabhu2 üí• 

samantharuthprabhu  ‚ú®üòé

pepsi pepsiindia 
pepsiriseupbaby üí•üî• https://t.‚Ä¶",0.158,0.364,0.478,Negative
60,this month's gb news advertisers include purecremation skyuk jet2tweets goldenleavesuk moneysupermkt fireawaypizza belgicaweb chumsclothinguk homestoreint postcodelottery rolex selectspecs &amp; pepsi ,0.0,0.0,1.0,Negative
79,"life is too short to drink anything but the best. that's why i always choose pepsi - the ultimate cool drink for any occasion pepsiriseupsamantha
",0.276,0.0,0.724,Positive
85,"duniya kheechegi neeche, you just rise up baby! üñ§üòé
 pepsi pepsiindia pepsiriseupbaby ",0.333,0.0,0.667,Positive
94,pepsico pepsi lots of fat and sad people crying over here about  sugar,0.0,0.36,0.64,Negative
96,"i can't sleep, thanks a lot pepsi.",0.0,0.286,0.714,Negative
97,"philc22319718 pepsi üò© just before the new recipe was in the supermarkets there was no pepsi-owned soft drinks available at all. i thought it might be a supply issue but now i‚Äôm guessing they‚Äôve changed them all? it‚Äôs strange, considering the backlash, that they haven‚Äôt comment on the change.",0.0,0.102,0.898,Negative
2,thirsty for something sweet and satisfying? look no further than a refreshing can of pepsi cool drink pepsiriseupsamantha,0.339,0.09,0.571,Positive
8,"pepsi unveiled yet another rendition of its empowering new brand positioning ‚Äòrise up, baby!‚Äô. pepsiindia samanthaprabhu2 saumyarathor punitmalhotra
pepsi appointed brandambassador actor samantharuthprabhu announced campaign
",0.0,0.0,1.0,Negative
22,"rt timofficial94: with this campaign, samantha joins pepsi's star-verse as one of its newest brand ambassadors.

visit our website for dai‚Ä¶",0.0,0.0,1.0,Negative
29,commanders emmanuelforbes7 pepsi we can‚Äôt wait!!!,0.0,0.0,1.0,Negative
33,"our mission: create more smiles with every sip and every bite. by creating joyful moments through our delicious and nourishing products and unique brand experiences.  
enjoy ya weekend with something nice from pepsi    
enzo2709807
pepsi pepsi viral pepsi_naija bod_republic ",0.4,0.0,0.6,Positive
34,pepsico pepsi i want it ,0.245,0.0,0.755,Negative
35,pepsi please never stop making the mango pepsi. i will buy them all,0.276,0.0,0.724,Neutral
36,"pepsico pepsi consumption while paying for everything, billings go kill man",0.0,0.32,0.68,Negative
39,"rt _itsbadboyk: whether you're relaxing at home or out and about, pepsi is the perfect companion for any occasion pepsiriseupsamantha
ht‚Ä¶",0.266,0.0,0.734,Positive
45,"when the sun is blazing and the temperature is rising, you know what time it is - time for an ice-cold can of pepsi pepsiriseupsamantha
",0.0,0.0,1.0,Negative
46,"whether you're at the beach, on a road trip, or just relaxing at home, pepsi is the perfect companion for your thirst. drink up and feel refreshed pepsiriseupsamantha
",0.21,0.0,0.79,Positive
47,"with its crisp, refreshing taste and iconic blue and red design, pepsi is a classic cool drink that never goes out of style
pepsiriseupsamantha
",0.091,0.0,0.909,Neutral
48,"when it comes to beating the heat, pepsi always comes through with its cool and bubbly taste pepsiriseupsamantha
",0.108,0.141,0.751,Negative
49,"whether you're relaxing at home or out and about, pepsi is the perfect companion for any occasion pepsiriseupsamantha
",0.301,0.0,0.699,Positive
50,"with its crisp, clean taste and invigorating bubbles, pepsi is the ultimate pick-me-up after a long day pepsiriseupsamantha
",0.266,0.0,0.734,Positive
53,p00hski commanders emmanuelforbes7 pepsi shit he a ball hawk and a dog. his tape was very impressive,0.162,0.162,0.676,Negative
55,"pepsico pepsi are you kidding? besides your formula has caffeine in it (which disrupts sleep), you advice to combine it with high refined carbohydrated add ons ?",0.063,0.0,0.937,Negative
57,commanders emmanuelforbes7 pepsi welcome to dc! httc,0.354,0.0,0.646,Neutral
58,malboy98 commanders emmanuelforbes7 pepsi yeahhhhh ü§†‚Ä¶found his x-rays doing research on em ,0.0,0.0,1.0,Negative
59,commanders emmanuelforbes7 pepsi welcome to dc!!  httc the54th,0.339,0.0,0.661,Neutral
70,samantharuthprabhuhot samantha samanthahot samantharuthprabhuìÉµ pepsixsamantha pepsi armpitslover armpitaddict armpitsweat thighs ,0.0,0.0,1.0,Negative
71,"samantharuthprabhuhot samantha samanthahot samantharuthprabhuìÉµ pepsixsamantha pepsi armpitslover armpitaddict armpitsweat thighs 

happy birthday samantha
sammu darling.

your navel is my first fetish ",0.283,0.0,0.717,Positive
72,"samantharuthprabhuhot samantha samanthahot samantharuthprabhuìÉµ pepsixsamantha pepsi armpitslover armpitaddict armpitsweat thighs 

happy birthday samantha
sammu darling.

your navel is my first fetish ",0.283,0.0,0.717,Positive
73,raise your hand if you love the fizzy sensation of a pepsi cool drink pepsiriseupsamantha,0.447,0.0,0.553,Positive
79,"samantharuthprabhuhot samantha samanthahot samantharuthprabhuìÉµ pepsixsamantha pepsi armpitslover armpitaddict armpitsweat thighs 

thoda kottu sammu 

kasi kasi todalo ",0.0,0.0,1.0,Negative
83,"samantharuthprabhuhot samantha samanthahot samantharuthprabhuìÉµ pepsixsamantha pepsi armpitslover armpitaddict armpitsweat 

‡∞∏‡∞Æ‡∞Ç‡∞§ ‡∞∏‡∞Ç‡∞ï‡∞≤ ‡∞∞‡±á‡∞Ç‡∞ú‡±ç ‡∞™‡±Ü‡∞™‡±ç‡∞∏‡±Ä ‡∞¶‡∞æ‡∞ï‡∞æ ‡∞é‡∞¶‡∞ø‡∞ó‡∞ø‡∞Ç‡∞¶‡∞ø ",0.0,0.0,1.0,Negative
86,"rise up!

that‚Äôs what she said.

pepsi pepsiriseupbaby ",0.0,0.0,1.0,Negative
88,p00hski commanders emmanuelforbes7 pepsi country boy who went to mississippi ü§∑üèæ‚Äç‚ôÇÔ∏è,0.0,0.0,1.0,Negative
89,dubstepphene82 commanders emmanuelforbes7 pepsi depth??? he‚Äôs a starter with how weak we are at corner,0.0,0.197,0.803,Negative
90,"rt teamtwts2: duniya kheechengi neeche, but you got to rise up baby! pepsiriseupbaby pepsiindia 

~ samanthaprabhu2! üî• 

pepsi samant‚Ä¶",0.0,0.17,0.83,Negative
91,"rt pepsiindia: reply with things you want to tell ‚Äòsociety‚Äô when they don‚Äôt let you be yourself !üíô

pepsi pepsiindia pepsiriseupbaby ht‚Ä¶",0.208,0.0,0.792,Positive
92,"rt pepsiindia: someone‚Äôs coming to pepsi tomorrow! üòé
can you guess who?? 

pepsi pepsiindia pepsiriseupbaby ",0.177,0.0,0.823,Neutral
99,johnlew18002259 commanders emmanuelforbes7 pepsi it‚Äôs for jr dipshit,0.0,0.307,0.693,Negative
4,commanders emmanuelforbes7 pepsi welcome to the family!! ‚Äúnot one but all‚Ä¶ we are the 54th‚Äù,0.156,0.0,0.844,Neutral
6,"commanders emmanuelforbes7 pepsi at 165 lbs, i hope he‚Äôs like 28
otherwise how could we pass on gonzales ?",0.241,0.0,0.759,Positive
9,will_jun1or is already the week one pepsi rookie of the week. give him that strap !!! jets passrusher pepsi,0.0,0.0,1.0,Negative
10,_commandalorian commanders emmanuelforbes7 pepsi how about several?,0.0,0.0,1.0,Negative
12,commanders emmanuelforbes7 pepsi let get to work baby!!! emmanuelforbes7 you are a playmaking machine!!!! welcome king httc,0.207,0.0,0.793,Positive
14,commanders emmanuelforbes7 pepsi he likes the hat doesn‚Äôt he? üòÇ nobody‚Äôs gonna snatch your hat e-fo üëçüèæ,0.216,0.062,0.721,Positive
17,howellstarter23 jspazzz24 commanders emmanuelforbes7 pepsi i watched your mom's tape last night,0.0,0.0,1.0,Negative
24,"rt samzcraziestfan: women how long you gonna listen to others, rise up baby take your own choice üòé‚úåÔ∏è‚ù§Ô∏è

samanthaprabhu2 √ó pepsiindia

r‚Ä¶",0.097,0.0,0.903,Neutral
29,howellstarter23 commanders emmanuelforbes7 pepsi who were they suppose to pick?,0.0,0.0,1.0,Negative
31,stop eating so much newspaper it‚Äôs just for digging !!!! pepsi,0.0,0.252,0.748,Negative
34,commanders emmanuelforbes7 pepsi what accent is that‚Ä¶sounds like a certified dawg,0.2,0.0,0.8,Neutral
38,silentalert1 tesla hyliion realthomashealy .pepsi ,0.0,0.0,1.0,Negative
42,"we are getting ready to crushthetest  theh , and we need your help! searching for donations of mini orange crush sodas!! you can send them to 3921 naco rd. greensboro, nc 27401 or you can use  any of these options!!! thanks in advance!!! orangecrushminis pepsi  crushsoda ",0.175,0.03,0.794,Positive
43,dubstepphene82 commanders emmanuelforbes7 pepsi put fuller at slot and forbes at outside,0.0,0.0,1.0,Negative
48,commanders emmanuelforbes7 pepsi dyami brown clone,0.0,0.0,1.0,Negative
49,"commanders emmanuelforbes7 pepsi i like this pick ! at the very least, he'll provide depth at the cb position",0.134,0.0,0.866,Neutral
50,commanders emmanuelforbes7 pepsi welcome to dc‚Ä¶. best of luck‚Ä¶.. we need ya!!!!,0.456,0.0,0.544,Positive
52,howellstarter23 commanders emmanuelforbes7 pepsi watch his tape lame,0.0,0.286,0.714,Negative
53,commanders emmanuelforbes7 pepsi that boy smack from the country of mississippi üòÇ,0.193,0.096,0.711,Neutral
54,commanders emmanuelforbes7 pepsi who can guess which number he will wear? ,0.115,0.0,0.885,Negative
57,commanders emmanuelforbes7 pepsi i guess spelling wasn't a part of the player draft analysis.,0.0,0.0,1.0,Negative
58,jspazzz24 commanders emmanuelforbes7 pepsi they‚Äôre holding themselves back from being successful.,0.275,0.0,0.725,Neutral
59,commanders emmanuelforbes7 pepsi dudes definitely from the south,0.278,0.0,0.722,Neutral
61,"commanders emmanuelforbes7 pepsi optimum nutrition serious mass weight gainer protein powder, vitamin c, zinc and vitamin d for immune support, vanilla, 6 pound (packaging may vary) ",0.294,0.041,0.665,Positive
62,commanders emmanuelforbes7 pepsi this is so cringe but i‚Äôm all in let‚Äôs get it,0.0,0.0,1.0,Negative
63,howellstarter23 commanders emmanuelforbes7 pepsi casual,0.31,0.0,0.69,Negative
66,commanders emmanuelforbes7 pepsi can we call him manny?,0.0,0.0,1.0,Negative
67,commanders emmanuelforbes7 pepsi da fuck is a jream,0.0,0.333,0.667,Negative
69,"commanders emmanuelforbes7 pepsi i swear y‚Äôall better pick ol tomorrow, this first round has been such a let down.",0.137,0.057,0.806,Neutral
74,commanders emmanuelforbes7 pepsi best cb in the draft don‚Äôt sleep on himü§ûüèø,0.208,0.0,0.792,Positive
75,lovemesome1980s nicomartelle freebyrd316 hemanismyhero motudrawing brokenbridgegxb mark_lapping sinjun45 captainbacon61 addictedhe the_tyebox hemanfan1 brooksidefilms tentaclause gillster37 therealwallbie aliciamariebody lizhobbs1974 smax140adams cimerians michaelodomart jfdm76 wheeljack83 deanetts seitayokokawa kevhulk73 battleramblog tylerslam dccomics mattel mastersofficial kimberlandart pepsi neca_toys hulkhogan konami metallica outbacksteakaus arcade_1up oreo pandaexpress pizzahut codyrhodes nico‚Äôs got a mystical gift for timing!,0.061,0.0,0.939,Neutral
84,"hi pepsiindia, pepsicoindia
what's in your mind, hats off to your business and marketing team. 
250ml of sting in a plastic bottle mrp is ‚Çπ20.
250ml of sting in a cane mrp is ‚Çπ30

what hypocrisy? 

sting pepsico pepsiindia pepsi ",0.0,0.0,1.0,Negative
92,"happiest birthday samüòôüíû
samanthaprabhu2 thenameisyash 

yash19 samantharuthprabhu yashboss
pepsi ",0.559,0.0,0.441,Positive
95,"sskroughriders northernpikes pepsi boy, nothing like a band that was semi popular 30 years to get young people in the seats. was trooper busy that day?",0.097,0.073,0.83,Negative
7,mark_lapping freebyrd316 nicomartelle hemanismyhero stradlemonkey motudrawing brokenbridgegxb sinjun45 captainbacon61 addictedhe the_tyebox hemanfan1 brooksidefilms tentaclause gillster37 therealwallbie aliciamariebody lizhobbs1974 smax140adams cimerians michaelodomart jfdm76 wheeljack83 deanetts seitayokokawa kevhulk73 battleramblog tylerslam dccomics mattel mastersofficial kimberlandart pepsi neca_toys hulkhogan konami metallica outbacksteakaus arcade_1up oreo pandaexpress pizzahut codyrhodes lol! helll yeah brother and i'm loving that gif. ,0.158,0.0,0.842,Positive
11,"rt _virajvijay: her style &amp; swag tho üî•üî•
samanthaprabhu2 üí• 

samantharuthprabhu  ‚ú®üòé

pepsi‚ÄØ‚ÄØ‚ÄØ pepsiindia 
pepsiriseupbaby üí•üî• https://t‚Ä¶",0.158,0.364,0.478,Negative
15,"rt roshsamlover: duniya kheechengi neeche, but you got to rise up baby! pepsiriseupbaby pepsiindia 

~ samanthaprabhu2! üî• 

pepsi¬† sa‚Ä¶",0.0,0.17,0.83,Negative
30,drank pepsi peeps soda. it was on sale for $5 for 30cans√ó222ml. seems extraordinary inexpensive  ü§î it tastes ok. it does taste like peeps. i miss lime pepsi.,0.08,0.051,0.868,Negative
36,"pepsico pepsi uh ew. i'm sorry but 1 that's just diabetes, 2 pepsi and candy/cookies don't mix that well",0.0,0.165,0.835,Negative
58,"pepsi i love the new logo, not sure about putting sugar free front and center though, might send the message that pepsi is becoming sugar free.",0.311,0.056,0.633,Positive
59,"rt cdl_life: he says the tesla semi is ""fun to drive."" teslasemi truckingvideos fritolay pepsi electrictrucks ",0.18,0.0,0.82,Neutral
61,i need a pepsi,0.0,0.0,1.0,Negative
62,"sskroughriders northernpikes pepsi lol this is so riders... an old , cheap band long past relevance.... they could barely get a grey cup act and had the sheepgdogs in 2013.... sorry regina... you are not a big level city",0.068,0.057,0.875,Neutral
66,"i was just looking at the grocery ads and there is some serious bullshit going on!! a 12 pack of pepsi is regularly $8.99!!!
talk about artificially inflated üò≥ there's no supply chain issues, no ingredients that are rare, nothing! just greedflation ",0.0,0.215,0.785,Negative
72,"rt leowuofc1226: pepsi no sugar raw coke is not only bubbly and refreshing, it's also fun to give away benefits!
pepsi spokesperson wulei‚Ä¶",0.218,0.077,0.704,Positive
73,mikerollinssip heinz_skip thewarriorallia markpilgersip pepsi ode_jeremy_t jpsturf ,0.0,0.0,1.0,Negative
85,"dokka_the_tog nike blockbuster nerf mtv pepsi pokemon jumpman23 shaq cocacola slimjim thesimpsons nickelodean that‚Äôs a fair concern for many of the blockchains. however this is something the industry has been working on for 4 or 5 years.

the currently solutions like solana are actually considered green systems with the amount of energy required being so low.

for example solana can‚Ä¶ ",0.181,0.04,0.78,Positive
86,"he says the tesla semi is ""fun to drive."" teslasemi truckingvideos fritolay pepsi electrictrucks ",0.202,0.0,0.798,Neutral
92,"pogdigital nike blockbuster nerf mtv pepsi pokemon jumpman23 shaq cocacola slimjim thesimpsons nickelodean no, no just no! ",0.196,0.103,0.701,Neutral
99,"pogdigital nike blockbuster nerf mtv pepsi pokemon jumpman23 shaq cocacola slimjim thesimpsons nickelodean or... just a thought... don't? i mean, i get it. you wanna make a come back, but i'll be honest, at this rate you'd be doing less damage to the environment making new pogs (maybe even less if made with recycled materials) than with nfts.",0.105,0.059,0.836,Neutral
15,thedrhell pepsico pepsi diabetes* and no. a pepsi float will not give you diabetes. youd have to drink about 3 a day for 2 months on top of other sugary meals and drinks to get diabetes,0.049,0.0,0.951,Negative
20,cntrlscrut1nizr jabe8 zorkmid123 andrewawski curiosity900 srmabekianj ron95803396 insidernikola alanadler statsdman marmaledetto supershrimpcap 999bpm lgm__2019 johnsnownw alexjohnston86 onlyaktien medinapanea zack19192 yatinkheti greenarrowinvst lizmilton11 onlyatkein joeysylvio capitalisttalk jones43346665 goncalves_marco msl0727 aaaldoaguilera jasonroycht nikolamotor iveco innercitypress univarsolutions pepsi üòÇüòÇüòÇüòÇüòÇüòÇüòÇ,0.277,0.139,0.584,Positive
21,"is it still thirsty thursday? 
pepsi 

ladyofsoul4180 frankkane11 ",0.0,0.0,1.0,Negative
22,pepsico pepsi is this another calorie-packed meal?,0.0,0.0,1.0,Negative
35,gispatch sskroughriders northernpikes pepsi honestly i need it in the worst way. and i need an excuse to visit my sister.,0.163,0.155,0.682,Negative
38,"sskroughriders northernpikes pepsi kim mitchell and now the northern pikes?? wow, way to bring in the new generation of fans‚Ä¶‚Ä¶ü§¶‚Äç‚ôÇÔ∏è",0.153,0.0,0.847,Positive
40,cmcurtis74 sskroughriders northernpikes pepsi that would be a great trip for you.,0.272,0.0,0.728,Positive
41,gispatch sskroughriders northernpikes pepsi underrated band. wouldn't mind making a trip there,0.0,0.0,1.0,Negative
43,"rt rajputids: find me a better duo than samantha and pepsi, i‚Äôll wait. 
pepsixsamantha pepsi pepsi ",0.162,0.0,0.838,Neutral
50,lovemesome1980s freebyrd316 nicomartelle hemanismyhero stradlemonkey motudrawing brokenbridgegxb sinjun45 captainbacon61 addictedhe the_tyebox hemanfan1 brooksidefilms tentaclause gillster37 therealwallbie aliciamariebody lizhobbs1974 smax140adams cimerians michaelodomart jfdm76 wheeljack83 deanetts seitayokokawa kevhulk73 battleramblog tylerslam dccomics mattel mastersofficial kimberlandart pepsi neca_toys hulkhogan konami metallica outbacksteakaus arcade_1up oreo pandaexpress pizzahut codyrhodes ,0.0,0.0,1.0,Negative
51,"tom sellick feat. superwonderful 
pepsiriseupbabyxsamantha pepsi pepsiriseupbaby pepsiindia newmusic tomsellick lofi lofihiphop comingsoon xxlmagazine bet mtv ",0.0,0.0,1.0,Negative
56,"the perfect way to celebrate movie night, date night, or any night: have you tried making a
pepsi
float? ",0.303,0.0,0.697,Positive
64,rt venkat100prabhu: pepsi ku samantha.coke ad ku ithukku equal which actress prefer pannuvanga nu ur opinions.pls tell in comment section.‚Ä¶,0.0,0.0,1.0,Negative
76,"this pepsi girl has officially switched to cocacola_gb üíÅüèº‚Äç‚ôÄÔ∏è because seriously wtf is this new pepsi recipe? ü§Æ it tastes like cheap supermarket cola mixed with ass, but still somehow less flavour?!",0.085,0.146,0.769,Negative
86,pepsi jetblue ready! zeroisnowboarding sweepstakes pepsi jetblue,0.318,0.0,0.682,Neutral
90,mark_lapping freebyrd316 nicomartelle hemanismyhero stradlemonkey motudrawing brokenbridgegxb sinjun45 captainbacon61 addictedhe the_tyebox hemanfan1 brooksidefilms tentaclause gillster37 therealwallbie aliciamariebody lizhobbs1974 smax140adams cimerians michaelodomart jfdm76 wheeljack83 deanetts seitayokokawa kevhulk73 battleramblog tylerslam dccomics mattel mastersofficial kimberlandart pepsi neca_toys hulkhogan konami metallica outbacksteakaus arcade_1up oreo pandaexpress pizzahut codyrhodes thanks brother and i appreciate it. ,0.106,0.0,0.894,Positive
91,nicomartelle lovemesome1980s freebyrd316 hemanismyhero stradlemonkey motudrawing mark_lapping sinjun45 captainbacon61 addictedhe the_tyebox hemanfan1 brooksidefilms tentaclause gillster37 therealwallbie aliciamariebody lizhobbs1974 smax140adams cimerians michaelodomart jfdm76 wheeljack83 deanetts seitayokokawa kevhulk73 battleramblog tylerslam dccomics mattel mastersofficial kimberlandart pepsi neca_toys hulkhogan konami metallica outbacksteakaus arcade_1up oreo pandaexpress pizzahut codyrhodes i watched the old inspector gadget series when i was a kid. i found it to be so fun n funny to watch. üòäüëç ,0.163,0.0,0.837,Positive
92,"nicomartelle freebyrd316 hemanismyhero stradlemonkey motudrawing brokenbridgegxb mark_lapping sinjun45 captainbacon61 addictedhe the_tyebox hemanfan1 brooksidefilms tentaclause gillster37 therealwallbie aliciamariebody lizhobbs1974 smax140adams cimerians michaelodomart jfdm76 wheeljack83 deanetts seitayokokawa kevhulk73 battleramblog tylerslam dccomics mattel mastersofficial kimberlandart pepsi neca_toys hulkhogan konami metallica outbacksteakaus arcade_1up oreo pandaexpress pizzahut codyrhodes thanks brother, i love it and need it. ",0.127,0.0,0.873,Positive
95,sinjun45 freebyrd316 nicomartelle hemanismyhero stradlemonkey motudrawing brokenbridgegxb mark_lapping captainbacon61 addictedhe the_tyebox hemanfan1 brooksidefilms tentaclause gillster37 therealwallbie aliciamariebody lizhobbs1974 smax140adams cimerians michaelodomart jfdm76 wheeljack83 deanetts seitayokokawa kevhulk73 battleramblog tylerslam dccomics mattel mastersofficial kimberlandart pepsi neca_toys hulkhogan konami metallica outbacksteakaus arcade_1up oreo pandaexpress pizzahut codyrhodes thanks brother. there a little more heavier than ac‚ö°Ô∏èdc but i dig 'em. lol!üòÑ,0.18,0.0,0.82,Positive
99,"not actually liking welchs üçáfeel bad about you having identified w/them pepsi realsugar so wrong but if you do actually like doritos or what have you brecbassinger &lt;in loving d/script johncusack mrdanfogler&gt;paulyshore dragonblade them‚öîÔ∏è
johncusack target doordash u2",0.172,0.128,0.7,Positive
2,"nicomartelle freebyrd316 hemanismyhero stradlemonkey motudrawing brokenbridgegxb mark_lapping sinjun45 captainbacon61 addictedhe the_tyebox hemanfan1 brooksidefilms tentaclause gillster37 therealwallbie aliciamariebody lizhobbs1974 smax140adams cimerians michaelodomart jfdm76 wheeljack83 deanetts seitayokokawa kevhulk73 battleramblog tylerslam dccomics mattel mastersofficial kimberlandart pepsi neca_toys hulkhogan konami metallica outbacksteakaus arcade_1up oreo pandaexpress pizzahut codyrhodes thanks brother and that's some awesome news. i'll definitely be going go, go, gadget on my nintendo switch.üëçüòâ",0.135,0.0,0.865,Positive
3,ebic rab battble ob bistory fnaf pepsi proud ,0.307,0.0,0.693,Neutral
11,jabe8 andrewawski curiosity900 life_utah srmabekianj ron95803396 insidernikola alanadler statsdman marmaledetto supershrimpcap 999bpm lgm__2019 johnsnownw alexjohnston86 onlyaktien zorkmid123 medinapanea zack19192 yatinkheti greenarrowinvst lizmilton11 onlyatkein joeysylvio capitalisttalk jones43346665 goncalves_marco msl0727 aaaldoaguilera jasonroycht nikolamotor iveco innercitypress univarsolutions pepsi they will 100% do a pr every day (or close to it) until the meeting and then after the meeting to try and get the votes..,0.0,0.0,1.0,Negative
14,sodastreamusa pepsi please make sodastream pepsi and sodastream starry available in kennewick?,0.173,0.0,0.827,Neutral
24,"rt btctams09: i haven't had a pepsi in 30 days.
an i love pepsi  
i stopped drinking coffemate this month in my coffee ‚òï.  
it's the sma‚Ä¶",0.131,0.059,0.81,Neutral
32,pepsico pepsi please help afghans at  ,0.556,0.0,0.444,Positive
50,sskroughriders northernpikes pepsi hey westjet any particular reason  your website is not functioning more than it‚Äôs functioning lately? difficult to support you when i cannot book a trip. ü§∑üèª‚Äç‚ôÄÔ∏è ,0.071,0.065,0.864,Negative
53,sskroughriders northernpikes pepsi performing their hit ‚Äúshe ain‚Äôt dinwiddie.‚Äù,0.0,0.0,1.0,Negative
59,sskroughriders northernpikes pepsi apparently i need to make a trip to yqr in early july‚Ä¶,0.0,0.0,1.0,Negative
60,"brecbassinger ordered doordash thanks for making mickeyd seem reputable no salt fries hot when i got them tatget
realsugar pepsi cuz she &amp; real sweet welchs doritos fritolay been thinking
whitecastle &amp; good freeze iamnicollette charliesheen or jeremypiven marsiatomei ",0.216,0.048,0.736,Positive
61,"today's the kick-off of our wowfestsd! join us at theshellsd for free arts experiences, apr 27-30. shout out to our corporate supporters aboveallmedia, cooleyllp, epsteinfamilyamphitheater, pepsi, pncbank, qualcomm, showimaging &amp; ucsandiego! (photos from wow fest 22) ",0.285,0.0,0.715,Positive
62,"

pepsi cocacola coke s love soda food instagram fanta pepsicola cola rolex vintage drink pepsico instagood a drinks memes foodporn like fashion follow photography bhfyp meme gmt venezuela photooftheday music",0.193,0.0,0.807,Positive
63,"

cocacola coke pepsi food love s fanta cola instagram vintage drink soda o drinks photography instagood foodporn coca like a cocacolacollector bhfyp delivery bar cocacolalife revitup sprite cocacolacollection follow art",0.193,0.0,0.807,Positive
65,pogdigital nike blockbuster nerf mtv pepsi pokemon jumpman23 shaq cocacola slimjim thesimpsons nickelodean booooooooooo,0.231,0.0,0.769,Neutral
66,davecote10 sskroughriders northernpikes pepsi she‚Äôs ain‚Äôt pretty she‚Äôs just looks that waaaaaayyyy,0.225,0.0,0.775,Neutral
68,pepsi thanks a lot (not) for changing your original recipe. it tastes horrible and has added artificial sweeteners that gives me a migraine. guess i‚Äôll be buying cocacola_gb from now on,0.142,0.095,0.763,Negative
72,sskroughriders northernpikes pepsi finally some rock music for halftime,0.0,0.0,1.0,Negative
75,sskroughriders northernpikes pepsi love northernpikes awesome news,0.624,0.0,0.376,Positive
78,"throw it back with the northern pikes!

thursday, july 6th relive some classic canadian rock with the platinum-selling, sask-made band, as they bring their hits to the stage during halftime's pepsi summer concert series!

tickets on sale friday, may 5th!

northernpikes | pepsi ",0.0,0.0,1.0,Negative
83,theheat21 pepsico pepsi ,0.0,0.0,1.0,Negative
84,tesla_is_trex pepsico pepsi your body needs sugar ,0.0,0.0,1.0,Negative
85,pogdigital nike blockbuster nerf mtv pepsi pokemon jumpman23 shaq cocacola slimjim thesimpsons nickelodean oh do fuck off,0.174,0.156,0.67,Negative
90,"newmexicoutd joshdolling pepsi y'all may need at least one from him to win in austin. best of luck, that would be great.",0.456,0.0,0.544,Positive
91,just been watching netflix‚Ä¶ oh my     pepsi you should should have given him the jet!! unbelievable üôÑüôÑ,0.094,0.0,0.906,Neutral
93,"pepsico pepsi aptos crypto airdrop: unveiling the next big opportunity in the cryptocurrency space
",0.177,0.0,0.823,Neutral
4,charged by thumsup thumsupofficial pepsiindia thunderup thumsup pepsi ,0.0,0.205,0.795,Negative
7,"pepsi beaucaspersmart it‚Äôs for all the people out there with a dream, that just wanna be seen üé∂üî• ",0.089,0.107,0.804,Negative
9,"drdre nbcsports pepsi nfl rocnation it‚Äôs for all the people out there with a dream, that just wanna be seen üé∂üî• ",0.079,0.094,0.827,Negative
11,"our 2023 summerfest app fueled by pepsi is here üôå access our lineup and set reminders so you never miss a moment with your favorite artists. plus, view maps, browse menus, and schedule your festival experience.  download for free in your app store üì±  ",0.211,0.0,0.789,Positive
13,"mountaindew pepsi pepsicarolinas puppy monkey baby hanging with his top 3 favorite flavors:

1. major melon zero sugar
2.summer freeze zero sugar 
3.pitch black zero sugar ",0.207,0.0,0.793,Positive
16,"pepsi the last 2 cans of full fat pepsi i‚Äôve drunk tasted disgusting as if i‚Äôd accidentally bought diet/max!

imagine my surprise when i double check to find nope, it was indeed full fat pepsi, then search twitter to find you guys have added sweetener to it without telling us!ü§Æ ",0.036,0.149,0.815,Negative
24,"rt gjaindia: india's thirst for pepsico grows: company sees double-digit organic revenue growth in q1 2023
.
.
.
pepsi financialfreedom‚Ä¶",0.115,0.0,0.885,Neutral
26,"cntrlscrut1nizr andrewawski curiosity900 life_utah srmabekianj ron95803396 insidernikola alanadler statsdman marmaledetto supershrimpcap 999bpm lgm__2019 johnsnownw alexjohnston86 onlyaktien zorkmid123 medinapanea zack19192 yatinkheti greenarrowinvst lizmilton11 onlyatkein joeysylvio capitalisttalk jones43346665 goncalves_marco msl0727 aaaldoaguilera jasonroycht nikolamotor iveco innercitypress univarsolutions pepsi my wag..each day until the quarterly, they'll announce some progress on company..next up i'll guess it'll announce location of next h2 station.  build date not mentioned of course",0.043,0.0,0.957,Neutral
30,"open cup dolling shines bright ü§© 

joshdolling scored the game-winning goal against phoenix to take us to the open cup round of 32. oh, he's also the tournament's current leading scorer with four goals in two games üòâ josh is our pepsi man of the match! somosunidos ",0.064,0.0,0.936,Neutral
41,"rt elissaphotos: throwback to pepsi's ambassadors meeting at the london premiere of pepsi in 2004, elissakh, britneyspears, beyonce,‚Ä¶",0.0,0.0,1.0,Negative
43,"jasperk_kraft moreperfectus pepsi it's far more than just pepsi sodas, it's: granola bars, breakfast cereals, baking mixes, hummus, pasta/rice side dishes, chips, dips, salsas, sports drinks, protein/nutrition shakes, and more. you likely consume way more pepsi products than you realize.",0.0,0.0,1.0,Negative
46,"to celebrate internationaldanceday on april 29, pepsi is hosting mu√©velo con pepsi, a latin fusion dance master class in the metaverse 
pepsi¬†pepsico",0.144,0.0,0.856,Neutral
47,"the forecast for friday is ‚Äústarry‚Äù. ‚ú®

join our kansas state university sponsor, pepsi, for a product launch from 11 am to 3 pm,  friday, april 28 on the bosco student plaza for a sampling of their newest lemon-lime flavored soda, ‚Äústarry‚Äù.üíõüíöüñ§

pepsi kstate williewithu ",0.271,0.0,0.729,Positive
50,"pepsi 

if soccer was an american soft drink, it would be diet pepsi ",0.0,0.0,1.0,Negative
56,rt williamtemple: wish kfc_uki sold pepsimaxuk pepsi there isn‚Äôt even a pepsi account. ffs. this sugar thing is out of control. i just‚Ä¶,0.098,0.138,0.764,Negative
63,x110594 pepsi coke is planning to do the same thing later this year the question is who is deciding they unilaterally change formula it makes no business sense to make the regular cola a semi diet cola?,0.0,0.058,0.942,Negative
64,"pepsi i will provide professional resume, cover letter, article writing / blogs, linkedin profile optimization
",0.157,0.0,0.843,Neutral
65,pepsico pepsi the most random retarded ads pop up on my tl üíÄü§°ü§°ü§°,0.0,0.181,0.819,Negative
67,rt x110594: pepsi new recipe is dire - please tell me you‚Äôve realised and are being back the old recipe. if i wanted less sugar i‚Äôd buy d‚Ä¶,0.073,0.096,0.831,Negative
68,"rt care4kings: chelseafcw so proud of you great blue angelsü•Çüíôüòá

cfcfamily cfc pepsi",0.474,0.0,0.526,Positive
69,"chelseafcw so proud of you great blue angelsü•Çüíôüòá

cfcfamily cfc pepsi",0.495,0.0,0.505,Positive
72,pepsico pepsi how's the calorie?,0.0,0.0,1.0,Negative
74,lindsaylohan pepsi use this ,0.0,0.0,1.0,Negative
75,"pepsico pepsi accommodation available 

 elsie joubert loveday sunnyside pretoria 

balcony 1800 or big room 2800

water is a bill and electricity is prepaid 

for more 0643188639 or 0842930915",0.0,0.0,1.0,Negative
81,absolutely brilliant ad best ever from pepsi so proud of samantha pepsixsamantha ,0.582,0.0,0.418,Positive
87,"for the food lovers click the lobo food reel: 

food burgerking mcdonalds electrolux adria nestle lobocx vetorzero pepsi yoki whatif foods tilamook nissim pizzahut surrealhotel ",0.124,0.0,0.876,Neutral
95,consume_brands pepsi the 2006-2009 one was a whole skeumorphic era. my favorite honestly,0.353,0.0,0.647,Positive
